{"DATEFORMATS":["EEEE, d MMMM y","d MMMM y","d MMM y","dd/MM/yyyy"],"NARROWWEEKDAYS":["እ","ሰ","ማ","ረ","ሐ","ዓ","ቅ"],"STANDALONESHORTMONTHS":["ጃንዩ","ፌብሩ","ማርች","ኤፕረ","ሜይ","ጁን","ጁላይ","ኦገስ","ሴፕቴ","ኦክተ","ኖቬም","ዲሴም"],"ERANAMES":["ዓመተ ዓለም","ዓመተ ምሕረት"],"FIRSTWEEKCUTOFFDAY":5,"NARROWMONTHS":["ጃ","ፌ","ማ","ኤ","ሜ","ጁ","ጁ","ኦ","ሴ","ኦ","ኖ","ዲ"],"STANDALONESHORTWEEKDAYS":["እሑድ","ሰኞ","ማክሰ","ረቡዕ","ሐሙስ","ዓርብ","ቅዳሜ"],"FIRSTDAYOFWEEK":6,"STANDALONEWEEKDAYS":["እሑድ","ሰኞ","ማክሰኞ","ረቡዕ","ሐሙስ","ዓርብ","ቅዳሜ"],"WEEKDAYS":["እሑድ","ሰኞ","ማክሰኞ","ረቡዕ","ሐሙስ","ዓርብ","ቅዳሜ"],"QUARTERS":["1ኛው ሩብ","ሁለተኛው ሩብ","3ኛው ሩብ","4ኛው ሩብ"],"ERAS":["ዓ/ዓ","ዓ/ም"],"MONTHS":["ጃንዩወሪ","ፌብሩወሪ","ማርች","ኤፕረል","ሜይ","ጁን","ጁላይ","ኦገስት","ሴፕቴምበር","ኦክተውበር","ኖቬምበር","ዲሴምበር"],"TIMEFORMATS":["h:mm:ss a zzzz","h:mm:ss a z","h:mm:ss a","h:mm a"],"SHORTWEEKDAYS":["እሑድ","ሰኞ","ማክሰ","ረቡዕ","ሐሙስ","ዓርብ","ቅዳሜ"],"SHORTQUARTERS":["Q1","Q2","Q3","Q4"],"WEEKENDRANGE":[5,6],"STANDALONENARROWWEEKDAYS":["እ","ሰ","ማ","ረ","ሐ","ዓ","ቅ"],"AVAILABLEFORMATS":null,"NAME":"am","AMPMS":["ጡዋት","ከሳዓት"],"STANDALONEMONTHS":["ጃንዩወሪ","ፌብሩወሪ","ማርች","ኤፕረል","ሜይ","ጁን","ጁላይ","ኦገስት","ሴፕቴምበር","ኦክተውበር","ኖቬምበር","ዲሴምበር"],"SHORTMONTHS":["ጃንዩ","ፌብሩ","ማርች","ኤፕረ","ሜይ","ጁን","ጁላይ","ኦገስ","ሴፕቴ","ኦክተ","ኖቬም","ዲሴም"],"STANDALONENARROWMONTHS":["ጃ","ፌ","ማ","ኤ","ሜ","ጁ","ጁ","ኦ","ሴ","ኦ","ኖ","ዲ"]}