{"DATEFORMATS":["EEEE, d 'de' MMMM 'de' y","d 'de' MMMM 'de' y","dd/MM/yyyy","dd/MM/yy"],"NARROWWEEKDAYS":["D","L","M","X","J","V","S"],"STANDALONESHORTMONTHS":["ene","feb","mar","abr","mayo","jun","jul","ago","sep","oct","nov","dic"],"ERANAMES":["antes de Cristo","anno Dómini"],"FIRSTWEEKCUTOFFDAY":5,"NARROWMONTHS":["E","F","M","A","M","J","J","A","S","O","N","D"],"STANDALONESHORTWEEKDAYS":["dom","lun","mar","mié","jue","vie","sáb"],"FIRSTDAYOFWEEK":6,"STANDALONEWEEKDAYS":["domingo","lunes","martes","miércoles","jueves","viernes","sábado"],"WEEKDAYS":["domingo","lunes","martes","miércoles","jueves","viernes","sábado"],"QUARTERS":["1er trimestre","2º trimestre","3er trimestre","4º trimestre"],"ERAS":["a.C.","d.C."],"MONTHS":["enero","febrero","marzo","abril","mayo","junio","julio","agosto","septiembre","octubre","noviembre","diciembre"],"TIMEFORMATS":["HH:mm:ss zzzz","HH:mm:ss z","HH:mm:ss","HH:mm"],"SHORTWEEKDAYS":["dom","lun","mar","mié","jue","vie","sáb"],"SHORTQUARTERS":["T1","T2","T3","T4"],"WEEKENDRANGE":[5,6],"STANDALONENARROWWEEKDAYS":["D","L","M","X","J","V","S"],"AVAILABLEFORMATS":null,"NAME":"es","AMPMS":["a.m.","p.m."],"STANDALONEMONTHS":["enero","febrero","marzo","abril","mayo","junio","julio","agosto","septiembre","octubre","noviembre","diciembre"],"SHORTMONTHS":["ene","feb","mar","abr","may","jun","jul","ago","sep","oct","nov","dic"],"STANDALONENARROWMONTHS":["E","F","M","A","M","J","J","A","S","O","N","D"]}