{"DATEFORMATS":["EEEE, d MMMM, y","d MMMM, y","d MMM, y","d-MM-yy"],"NARROWWEEKDAYS":["ર","સો","મં","બુ","ગુ","શુ","શ"],"STANDALONESHORTMONTHS":["જાન્યુ","ફેબ્રુ","માર્ચ","એપ્રિલ","મે","જૂન","જુલાઈ","ઑગસ્ટ","સપ્ટે","ઑક્ટો","નવે","ડિસે"],"ERANAMES":["ઈસવીસન પૂર્વે","ઇસવીસન"],"FIRSTWEEKCUTOFFDAY":5,"NARROWMONTHS":["જા","ફે","મા","એ","મે","જૂ","જુ","ઑ","સ","ઑ","ન","ડિ"],"STANDALONESHORTWEEKDAYS":["રવિ","સોમ","મંગળ","બુધ","ગુરુ","શુક્ર","શનિ"],"FIRSTDAYOFWEEK":6,"STANDALONEWEEKDAYS":["રવિવાર","સોમવાર","મંગળવાર","બુધવાર","ગુરુવાર","શુક્રવાર","શનિવાર"],"WEEKDAYS":["રવિવાર","સોમવાર","મંગળવાર","બુધવાર","ગુરુવાર","શુક્રવાર","શનિવાર"],"QUARTERS":["પેહલા હંત 1","ડૂસઋા હંત 2","તીસઋા હંત 3","ચૌતા હંત 4"],"ERAS":["ઈલુના જન્મ પહેસાં","ઇસવીસન"],"MONTHS":["જાન્યુઆરી","ફેબ્રુઆરી","માર્ચ","એપ્રિલ","મે","જૂન","જુલાઈ","ઑગસ્ટ","સપ્ટેમ્બર","ઑક્ટોબર","નવેમ્બર","ડિસેમ્બર"],"TIMEFORMATS":["hh:mm:ss a zzzz","hh:mm:ss a z","hh:mm:ss a","hh:mm a"],"SHORTWEEKDAYS":["રવિ","સોમ","મંગળ","બુધ","ગુરુ","શુક્ર","શનિ"],"SHORTQUARTERS":["પેહલા હંત 1","Q2","Q3","ચૌતા હંત 4"],"WEEKENDRANGE":[6,6],"STANDALONENARROWWEEKDAYS":["ર","સો","મં","બુ","ગુ","શુ","શ"],"AVAILABLEFORMATS":null,"NAME":"gu","AMPMS":["am","pm"],"STANDALONEMONTHS":["જાન્યુઆરી","ફેબ્રુઆરી","માર્ચ","એપ્રિલ","મે","જૂન","જુલાઈ","ઑગસ્ટ","સપ્ટેમ્બર","ઑક્ટોબર","નવેમ્બર","ડિસેમ્બર"],"SHORTMONTHS":["જાન્યુ","ફેબ્રુ","માર્ચ","એપ્રિલ","મે","જૂન","જુલાઈ","ઑગસ્ટ","સપ્ટે","ઑક્ટો","નવે","ડિસે"],"STANDALONENARROWMONTHS":["જા","ફે","મા","એ","મે","જૂ","જુ","ઑ","સ","ઑ","ન","ડિ"]}