{"DATEFORMATS":["EEEE d MMMM y","d MMMM y","d MMM y","d-M-yy"],"NARROWWEEKDAYS":["र","सो","मं","बु","गु","शु","श"],"STANDALONESHORTMONTHS":["जाने","फेब्रु","मार्च","एप्रि","मे","जून","जुलै","ऑग","सेप्टें","ऑक्टोबर","नोव्हें","डिसें"],"ERANAMES":["ईसवीसनपूर्व","ईसवीसन"],"FIRSTWEEKCUTOFFDAY":5,"NARROWMONTHS":["जा","फे","मा","ए","मे","जू","जु","ऑ","स","ऑ","नो","डि"],"STANDALONESHORTWEEKDAYS":["रवि","सोम","मंगळ","बुध","गुरु","शुक्र","शनि"],"FIRSTDAYOFWEEK":6,"STANDALONEWEEKDAYS":["रविवार","सोमवार","मंगळवार","बुधवार","गुरुवार","शुक्रवार","शनिवार"],"WEEKDAYS":["रविवार","सोमवार","मंगळवार","बुधवार","गुरुवार","शुक्रवार","शनिवार"],"QUARTERS":["प्रथम तिमाही","द्वितीय तिमाही","तृतीय तिमाही","चतुर्थ तिमाही"],"ERAS":["ईसापूर्व","सन"],"MONTHS":["जानेवारी","फेब्रुवारी","मार्च","एप्रिल","मे","जून","जुलै","ऑगस्ट","सप्टेंबर","ऑक्टोबर","नोव्हेंबर","डिसेंबर"],"TIMEFORMATS":["h-mm-ss a zzzz","h-mm-ss a z","h-mm-ss a","h-mm a"],"SHORTWEEKDAYS":["रवि","सोम","मंगळ","बुध","गुरु","शुक्र","शनि"],"SHORTQUARTERS":["ति 1","2 री तिमाही","ति 3","ति 4"],"WEEKENDRANGE":[6,6],"STANDALONENARROWWEEKDAYS":["र","सो","मं","बु","गु","शु","श"],"AVAILABLEFORMATS":null,"NAME":"mr","AMPMS":["am","pm"],"STANDALONEMONTHS":["जानेवारी","फेब्रुवारी","मार्च","एप्रिल","मे","जून","जुलै","ऑगस्ट","सप्टेंबर","ऑक्टोबर","नोव्हेंबर","डिसेंबर"],"SHORTMONTHS":["जाने","फेब्रु","मार्च","एप्रि","मे","जून","जुलै","ऑग","सेप्टें","ऑक्टोबर","नोव्हें","डिसें"],"STANDALONENARROWMONTHS":["जा","फे","मा","ए","मे","जू","जु","ऑ","स","ऑ","नो","डि"]}