{"DATEFORMATS":["EEEE, d 'de' MMMM 'de' y","d 'de' MMMM 'de' y","dd/MM/yyyy","dd/MM/yy"],"NARROWWEEKDAYS":["D","S","T","Q","Q","S","S"],"STANDALONESHORTMONTHS":["jan","fev","mar","abr","mai","jun","jul","ago","set","out","nov","dez"],"ERANAMES":["Antes de Cristo","Ano do Senhor"],"FIRSTWEEKCUTOFFDAY":5,"NARROWMONTHS":["J","F","M","A","M","J","J","A","S","O","N","D"],"STANDALONESHORTWEEKDAYS":["dom","seg","ter","qua","qui","sex","sáb"],"FIRSTDAYOFWEEK":6,"STANDALONEWEEKDAYS":["domingo","segunda-feira","terça-feira","quarta-feira","quinta-feira","sexta-feira","sábado"],"WEEKDAYS":["domingo","segunda-feira","terça-feira","quarta-feira","quinta-feira","sexta-feira","sábado"],"QUARTERS":["1º trimestre","2º trimestre","3º trimestre","4º trimestre"],"ERAS":["a.C.","d.C."],"MONTHS":["janeiro","fevereiro","março","abril","maio","junho","julho","agosto","setembro","outubro","novembro","dezembro"],"TIMEFORMATS":["HH'h'mm'min'ss's' zzzz","HH'h'mm'min'ss's' z","HH:mm:ss","HH:mm"],"SHORTWEEKDAYS":["dom","seg","ter","qua","qui","sex","sáb"],"SHORTQUARTERS":["T1","T2","T3","T4"],"WEEKENDRANGE":[5,6],"STANDALONENARROWWEEKDAYS":["D","S","T","Q","Q","S","S"],"AVAILABLEFORMATS":null,"NAME":"pt_BR","AMPMS":["AM","PM"],"STANDALONEMONTHS":["janeiro","fevereiro","março","abril","maio","junho","julho","agosto","setembro","outubro","novembro","dezembro"],"SHORTMONTHS":["jan","fev","mar","abr","mai","jun","jul","ago","set","out","nov","dez"],"STANDALONENARROWMONTHS":["J","F","M","A","M","J","J","A","S","O","N","D"]}