{"DATEFORMATS":["EEEE, d MMMM y","d MMMM y","dd.MM.yyyy","dd.MM.yyyy"],"NARROWWEEKDAYS":["D","L","M","M","J","V","S"],"STANDALONESHORTMONTHS":["ian.","feb.","mar.","apr.","mai","iun.","iul.","aug.","sept.","oct.","nov.","dec."],"ERANAMES":["înainte de Hristos","după Hristos"],"FIRSTWEEKCUTOFFDAY":6,"NARROWMONTHS":["I","F","M","A","M","I","I","A","S","O","N","D"],"STANDALONESHORTWEEKDAYS":["Du","Lu","Ma","Mi","Jo","Vi","Sâ"],"FIRSTDAYOFWEEK":0,"STANDALONEWEEKDAYS":["duminică","luni","marți","miercuri","joi","vineri","sâmbătă"],"WEEKDAYS":["duminică","luni","marți","miercuri","joi","vineri","sâmbătă"],"QUARTERS":["trimestrul I","trimestrul al II-lea","trimestrul al III-lea","trimestrul al IV-lea"],"ERAS":["î.Hr.","d.Hr."],"MONTHS":["ianuarie","februarie","martie","aprilie","mai","iunie","iulie","august","septembrie","octombrie","noiembrie","decembrie"],"TIMEFORMATS":["HH:mm:ss zzzz","HH:mm:ss z","HH:mm:ss","HH:mm"],"SHORTWEEKDAYS":["Du","Lu","Ma","Mi","Jo","Vi","Sâ"],"SHORTQUARTERS":["trim. I","trim. II","trim. III","trim. IV"],"WEEKENDRANGE":[5,6],"STANDALONENARROWWEEKDAYS":["D","L","M","M","J","V","S"],"AVAILABLEFORMATS":null,"NAME":"ro","AMPMS":["AM","PM"],"STANDALONEMONTHS":["ianuarie","februarie","martie","aprilie","mai","iunie","iulie","august","septembrie","octombrie","noiembrie","decembrie"],"SHORTMONTHS":["ian.","feb.","mar.","apr.","mai","iun.","iul.","aug.","sept.","oct.","nov.","dec."],"STANDALONENARROWMONTHS":["I","F","M","A","M","I","I","A","S","O","N","D"]}