{"DATEFORMATS":["EEEE'en' 'den' d:'e' MMMM y","d MMMM y","d MMM y","yyyy-MM-dd"],"NARROWWEEKDAYS":["S","M","T","O","T","F","L"],"STANDALONESHORTMONTHS":["jan","feb","mar","apr","maj","jun","jul","aug","sep","okt","nov","dec"],"ERANAMES":["före Kristus","efter Kristus"],"FIRSTWEEKCUTOFFDAY":3,"NARROWMONTHS":["J","F","M","A","M","J","J","A","S","O","N","D"],"STANDALONESHORTWEEKDAYS":["sön","mån","tis","ons","tor","fre","lör"],"FIRSTDAYOFWEEK":0,"STANDALONEWEEKDAYS":["söndag","måndag","tisdag","onsdag","torsdag","fredag","lördag"],"WEEKDAYS":["söndag","måndag","tisdag","onsdag","torsdag","fredag","lördag"],"QUARTERS":["1:a kvartalet","2:a kvartalet","3:e kvartalet","4:e kvartalet"],"ERAS":["f.Kr.","e.Kr."],"MONTHS":["januari","februari","mars","april","maj","juni","juli","augusti","september","oktober","november","december"],"TIMEFORMATS":["'kl'. HH:mm:ss zzzz","HH:mm:ss z","HH:mm:ss","HH:mm"],"SHORTWEEKDAYS":["sön","mån","tis","ons","tors","fre","lör"],"SHORTQUARTERS":["K1","K2","K3","K4"],"WEEKENDRANGE":[5,6],"STANDALONENARROWWEEKDAYS":["S","M","T","O","T","F","L"],"AVAILABLEFORMATS":null,"NAME":"sv","AMPMS":["fm","em"],"STANDALONEMONTHS":["januari","februari","mars","april","maj","juni","juli","augusti","september","oktober","november","december"],"SHORTMONTHS":["jan","feb","mar","apr","maj","jun","jul","aug","sep","okt","nov","dec"],"STANDALONENARROWMONTHS":["J","F","M","A","M","J","J","A","S","O","N","D"]}