{"DATEFORMATS":["EEEE d MMMM y","d MMMM y","d MMM y","dd-MM-yy"],"NARROWWEEKDAYS":["ఆ","సో","మ","బు","గు","శు","శ"],"STANDALONESHORTMONTHS":["జన","ఫిబ్ర","మార్చి","ఏప్రి","మే","జూన్","జూలై","ఆగస్టు","సెప్టెంబర్","అక్టోబర్","నవంబర్","డిసెంబర్"],"ERANAMES":["ఈసాపూర్వ.","సన్."],"FIRSTWEEKCUTOFFDAY":5,"NARROWMONTHS":["జ","ఫి","మా","ఏ","మె","జు","జు","ఆ","సె","అ","న","డి"],"STANDALONESHORTWEEKDAYS":["ఆది","సోమ","మంగళ","బుధ","గురు","శుక్ర","శని"],"FIRSTDAYOFWEEK":6,"STANDALONEWEEKDAYS":["ఆదివారం","సోమవారం","మంగళవారం","బుధవారం","గురువారం","శుక్రవారం","శనివారం"],"WEEKDAYS":["ఆదివారం","సోమవారం","మంగళవారం","బుధవారం","గురువారం","శుక్రవారం","శనివారం"],"QUARTERS":["ఒకటి 1","రెండు 2","మూడు 3","నాలుగు 4"],"ERAS":["ఈసాపూర్వ.","సన్."],"MONTHS":["జనవరి","ఫిబ్రవరి","మార్చి","ఎప్రిల్","మే","జూన్","జూలై","ఆగస్టు","సెప్టెంబర్","అక్టోబర్","నవంబర్","డిసెంబర్"],"TIMEFORMATS":["h:mm:ss a zzzz","h:mm:ss a z","h:mm:ss a","h:mm a"],"SHORTWEEKDAYS":["ఆది","సోమ","మంగళ","బుధ","గురు","శుక్ర","శని"],"SHORTQUARTERS":["ఒకటి 1","రెండు 2","మూడు 3","నాలుగు 4"],"WEEKENDRANGE":[6,6],"STANDALONENARROWWEEKDAYS":["ఆ","సో","మ","బు","గు","శు","శ"],"AVAILABLEFORMATS":null,"NAME":"te","AMPMS":["am","pm"],"STANDALONEMONTHS":["జనవరి","ఫిబ్రవరి","మార్చి","ఎప్రిల్","మే","జూన్","జూలై","ఆగస్టు","సెప్టెంబర్","అక్టోబర్","నవంబర్","డిసెంబర్"],"SHORTMONTHS":["జన","ఫిబ్ర","మార్చి","ఏప్రి","మే","జూన్","జూలై","ఆగస్టు","సెప్టెంబర్","అక్టోబర్","నవంబర్","డిసెంబర్"],"STANDALONENARROWMONTHS":["జ","ఫి","మ","ఎ","మె","జు","జు","ఆ","సె","అ","న","డి"]}