{"DATEFORMATS":["EEEE, 'ngày' dd MMMM 'năm' y","'Ngày' dd 'tháng' M 'năm' y","dd-MM-yyyy","dd/MM/yyyy"],"NARROWWEEKDAYS":["CN","T2","T3","T4","T5","T6","T7"],"STANDALONESHORTMONTHS":["thg 1","thg 2","thg 3","thg 4","thg 5","thg 6","thg 7","thg 8","thg 9","thg 10","thg 11","thg 12"],"ERANAMES":["tr. CN","sau CN"],"FIRSTWEEKCUTOFFDAY":6,"NARROWMONTHS":["1","2","3","4","5","6","7","8","9","10","11","12"],"STANDALONESHORTWEEKDAYS":["CN","Th 2","Th 3","Th 4","Th 5","Th 6","Th 7"],"FIRSTDAYOFWEEK":0,"STANDALONEWEEKDAYS":["Chủ nhật","Thứ hai","Thứ ba","Thứ tư","Thứ năm","Thứ sáu","Thứ bảy"],"WEEKDAYS":["Chủ nhật","Thứ hai","Thứ ba","Thứ tư","Thứ năm","Thứ sáu","Thứ bảy"],"QUARTERS":["Quý 1","Quý 2","Quý 3","Quý 4"],"ERAS":["tr. CN","sau CN"],"MONTHS":["tháng một","tháng hai","tháng ba","tháng tư","tháng năm","tháng sáu","tháng bảy","tháng tám","tháng chín","tháng mười","tháng mười một","tháng mười hai"],"TIMEFORMATS":["HH:mm:ss zzzz","HH:mm:ss z","HH:mm:ss","HH:mm"],"SHORTWEEKDAYS":["CN","Th 2","Th 3","Th 4","Th 5","Th 6","Th 7"],"SHORTQUARTERS":["Q1","Q2","Q3","Q4"],"WEEKENDRANGE":[5,6],"STANDALONENARROWWEEKDAYS":["CN","T2","T3","T4","T5","T6","T7"],"AVAILABLEFORMATS":null,"NAME":"vi","AMPMS":["SA","CH"],"STANDALONEMONTHS":["tháng một","tháng hai","tháng ba","tháng tư","tháng năm","tháng sáu","tháng bảy","tháng tám","tháng chín","tháng mười","tháng mười một","tháng mười hai"],"SHORTMONTHS":["thg 1","thg 2","thg 3","thg 4","thg 5","thg 6","thg 7","thg 8","thg 9","thg 10","thg 11","thg 12"],"STANDALONENARROWMONTHS":["1","2","3","4","5","6","7","8","9","10","11","12"]}