{"d":"d","E":"EEE","EEEE":"EEEE","LLL":"LLL","LLLL":"LLLL","M":"L","Md":"d.M","MEd":"EEE, d.MM","MMM":"LLL","MMMd":"d MMM","MMMEd":"d MMM, EEE","MMMM":"LLLL","MMMMd":"d MMMM","MMMMEEEEd":"d MMMM, EEEE","QQQ":"QQQ","QQQQ":"QQQQ","y":"y 'г'.","yM":"M.y 'г'.","yMd":"dd.MM.yy","yMEd":"EEE, d.MM.y 'г'.","yMMM":"MMM y 'г'.","yMMMd":"dd MMM y","yMMMEd":"EEE, d MMM y 'г'.","yMMMM":"MMMM y 'г'.","yMMMMd":"d MMMM y","yMMMMEEEEd":"d MMMM y, EEEE","yQQQ":"QQQ y 'г'.","yQQQQ":"QQQQ y 'г'.","H":"HH","Hm":"HH:mm","Hms":"HH:mm:ss","j":"HH","jm":"HH:mm","jms":"HH:mm:ss","jmv":"HH:mm v","jmz":"HH:mm z","jz":"HH z","m":"m","ms":"mm:ss","s":"s","v":"v","z":"z","zzzz":"zzzz","ZZZZ":"ZZZZ"}