{"d":"d","E":"EEE","EEEE":"EEEE","LLL":"LLL","LLLL":"LLLL","M":"L","Md":"d/M","MEd":"EEE, M-d","MMM":"LLL","MMMd":"d בMMM","MMMEd":"EEE, d בMMM","MMMM":"LLLL","MMMMd":"d בMMMM","MMMMEEEEd":"EEEE, d בMMMM","QQQ":"QQQ","QQQQ":"QQQQ","y":"y","yM":"M.yyyy","yMd":"d.M.yyyy","yMEd":"EEE, d.M.yyyy","yMMM":"MMM y","yMMMd":"d בMMM y","yMMMEd":"EEE, d בMMM y","yMMMM":"MMMM y","yMMMMd":"d בMMMM y","yMMMMEEEEd":"EEEE, d בMMMM y","yQQQ":"y QQQ","yQQQQ":"y QQQQ","H":"HH","Hm":"HH:mm","Hms":"HH:mm:ss","j":"HH","jm":"HH:mm","jms":"HH:mm:ss","jmv":"HH:mm v","jmz":"HH:mm z","jz":"HH z","m":"m","ms":"mm:ss","s":"s","v":"v","z":"z","zzzz":"zzzz","ZZZZ":"ZZZZ"}